Date,Close,Volume
40178,1115.1,2076990000
40177,1126.42,2277300000
40176,1126.2,2491020000
40175,1127.78,2716400000
40171,1126.48,1267710000
40170,1120.59,3166870000
40169,1118.02,3641130000
40168,1114.05,3977340000
40165,1102.47,6325890000
40164,1096.08,7615070400
40163,1109.18,4829820000
40162,1107.93,5045100000
40161,1114.11,4548490000
40158,1106.41,3791090000
40157,1102.35,3996490000
40156,1095.95,4115410000
40155,1091.94,4748030000
40154,1103.25,4103360000
40151,1105.98,5781140000
40150,1099.92,4810030000
40149,1109.24,3941340000
40148,1108.86,4249310000
40147,1095.63,3895520000
40144,1091.49,2362910000
40142,1110.63,3036350000
40141,1105.65,3700820000
40140,1106.24,3827920000
40137,1091.38,3751230000
40136,1094.9,4178030000
40135,1109.8,4293340000
40134,1110.32,3824070000
40133,1109.3,4565850000
40130,1093.48,3792610000
40129,1087.24,4160250000
40128,1098.51,4286700000
40127,1093.01,4394770000
40126,1093.08,4460030000
40123,1069.3,4277130000
40122,1066.63,4848350000
40121,1046.5,5635510000
40120,1045.41,5487500000
40119,1042.88,6202640000
40116,1036.19,6512420000
40115,1066.11,5595040000
40114,1042.63,6600350000
40113,1063.41,5337380000
40112,1066.95,6363380000
40109,1079.6,4767460000
40108,1092.91,5192410000
40107,1081.4,5616290000
40106,1091.06,5396930000
40105,1097.91,4619240000
40102,1087.68,4894740000
40101,1096.56,5369780000
40100,1092.02,5406420000
40099,1073.19,4320480000
40098,1076.19,3710430000
40095,1071.49,3763780000
40094,1065.48,4988400000
40093,1057.58,4238220000
40092,1054.72,5029840000
40091,1040.46,4313310000
40088,1025.21,5583240000
40087,1029.85,5791450000
40086,1057.08,5998860000
40085,1060.61,4949900000
40084,1062.98,3726950000
40081,1044.38,4507090000
40080,1050.78,5505610000
40079,1060.87,5531930000
40078,1071.66,5246600000
40077,1064.66,4615280000
40074,1068.3,5607970000
40073,1065.49,6668110000
40072,1068.76,6793529600
40071,1052.63,6185620000
40070,1049.34,4979610000
40067,1042.73,4922600000
40066,1044.14,5191380000
40065,1033.37,5202550000
40064,1025.39,5235160000
40060,1016.4,4097370000
40059,1003.24,4624280000
40058,994.75,5842730000
40057,998.04,6862360000
40056,1020.62,5004560000
40053,1028.93,5785780000
40052,1030.98,5785880000
40051,1028.12,5080060000
40050,1028,5768740000
40049,1025.57,6302450000
40046,1026.13,5885550000
40045,1007.37,4893160000
40044,996.46,4257000000
40043,989.67,4198970000
40042,979.73,4088570000
40039,1004.09,4940750000
40038,1012.73,5250660000
40037,1005.81,5498170000
40036,994.35,5773160000
40035,1007.1,5406080000
40032,1010.48,6827089600
40031,997.08,6753380000
40030,1002.72,7242120000
40029,1005.65,5713700000
40028,1002.63,5603440000
40025,987.48,5139070000
40024,986.75,6035180000
40023,975.15,5178770000
40022,979.62,5490350000
40021,982.18,4631290000
40018,979.26,4458300000
40017,976.29,5761650000
40016,954.07,4634100000
40015,954.58,5309300000
40014,951.13,4853150000
40011,940.38,5141380000
40010,940.74,4898640000
40009,932.68,5238830000
40008,905.84,4149030000
40007,901.05,4499440000
40004,879.13,3912080000
40003,882.68,4347170000
40002,879.56,5721780000
40001,881.03,4673300000
40000,898.72,4712580000
39996,896.42,3931000000
39995,923.33,3919400000
39994,919.32,4627570000
39993,927.23,4211760000
39990,918.9,6076660000
39989,920.26,4911240000
39988,900.94,4636720000
39987,895.1,5071020000
39986,893.04,4903940000
39983,921.23,5713390000
39982,918.37,4684010000
39981,910.71,5523650000
39980,911.97,4951200000
39979,923.72,4697880000
39976,946.21,4528120000
39975,944.89,5500840000
39974,939.15,5379420000
39973,942.43,4439950000
39972,939.14,4483430000
39969,940.09,5277910000
39968,942.46,5352890000
39967,931.76,5323770000
39966,944.74,5987340000
39965,942.87,6370440000
39962,919.14,6050420000
39961,906.83,5738980000
39960,893.06,5698800000
39959,910.33,5667050000
39955,887,5155320000
39954,888.33,6019840000
39953,903.47,8205060000
39952,908.13,6616270000
39951,909.71,5702150000
39948,882.88,5439720000
39947,893.07,6134870000
39946,883.92,7091820000
39945,908.35,6871750400
39944,909.24,6150600000
39941,929.23,8163280000
39940,907.39,9120100000
39939,919.53,8555040000
39938,903.8,6882860000
39937,907.24,7038840000
39934,877.52,5312170000
39933,872.81,6862540000
39932,873.64,6101620000
39931,855.16,6328000000
39930,857.51,5613460000
39927,866.23,7114440000
39926,851.92,6563100000
39925,843.55,7327860000
39924,850.08,7436489600
39923,832.39,6973960000
39920,869.6,7352009600
39919,865.3,6598670000
39918,852.06,6241100000
39917,841.5,7569840000
39916,858.73,6434890000
39912,856.56,7600710400
39911,825.16,5938460000
39910,815.55,5155580000
39909,835.48,6210000000
39906,842.5,5855640000
39905,834.38,7542809600
39904,811.08,6034140000
39903,797.87,6089100000
39902,787.53,5912660000
39899,815.94,5600210000
39898,832.86,6992960000
39897,813.88,7687180000
39896,806.12,6767980000
39895,822.92,7715769600
39892,768.54,7643720000
39891,784.04,9033870400
39890,794.35,9098449600
39889,778.12,6156800000
39888,753.89,7883540000
39885,756.55,6787089600
39884,750.74,7326630400
39883,721.36,7287809600
39882,719.6,8618329600
39881,676.53,7277320000
39878,683.38,7331830400
39877,682.55,7507249600
39876,712.87,7673620000
39875,696.33,7583230400
39874,700.82,7868289600
39871,735.09,8926480000
39870,752.83,7599969600
39869,764.9,7483640000
39868,773.14,7234489600
39867,743.33,6509300000
39864,770.05,8210590400
39863,778.94,5746940000
39862,788.42,5740710000
39861,789.17,5907820000
39857,826.84,5296650000
39856,835.19,6476460000
39855,833.74,5926460000
39854,827.16,6770169600
39853,869.89,5574370000
39850,868.6,6484100000
39849,845.85,6624030000
39848,832.23,6420450000
39847,838.51,5886310000
39846,825.44,5673270000
39843,825.88,5350580000
39842,845.14,5067060000
39841,874.09,6199180000
39840,845.71,5353260000
39839,836.57,6039940000
39836,831.95,5832160000
39835,827.5,5843830000
39834,840.24,6467830000
39833,805.22,6375230000
39829,850.12,6786040000
39828,843.74,7807350400
39827,842.62,5407880000
39826,871.79,5017470000
39825,870.26,4725050000
39822,890.35,4716500000
39821,909.73,4991550000
39820,906.65,4704940000
39819,934.7,5392620000
39818,927.45,5413910000
39815,931.8,4048270000
39813,903.25,4172940000
39812,890.64,3627800000
39811,869.42,3323430000
39808,872.8,1880050000
39806,868.15,1546550000
39805,863.16,4051970000
39804,871.63,4869850000
39801,887.88,6705310000
39800,885.28,5675000000
39799,904.42,5907380000
39798,913.18,6009780000
39797,868.57,4982390000
39794,879.73,5959590000
39793,873.59,5513840000
39792,899.24,5942130000
39791,888.67,5693110000
39790,909.7,6553600000
39787,876.07,6165370000
39786,845.22,5860390000
39785,870.74,6221880000
39784,848.81,6170100000
39783,816.21,6052010000
39780,896.24,2740860000
39778,887.68,5793260000
39777,857.39,6952700000
39776,851.81,7879440000
39773,800.03,9495900000
39772,752.44,9093740000
39771,806.58,6548600000
39770,859.12,6679470000
39769,850.75,4927490000
39766,873.29,5881030000
39765,911.29,7849120000
39764,852.3,5764180000
39763,898.95,4998340000
39762,919.21,4572000000
39759,930.99,4931640000
39758,904.88,6102230000
39757,952.77,5426640000
39756,1005.75,5531290000
39755,966.3,4492280000
39752,968.75,6394350000
39751,954.09,6175830000
39750,930.09,7077800000
39749,940.51,7096950400
39748,848.92,5558050000
39745,876.77,6550050000
39744,908.11,7184180000
39743,896.78,6147980000
39742,955.05,5121830000
39741,985.4,5175640000
39738,940.55,6581780000
39737,946.43,7984500000
39736,907.84,6542330000
39735,998.01,8161990400
39734,1003.35,7263369600
39731,899.22,11456230400
39730,909.92,6819000000
39729,984.94,8716329600
39728,996.23,7069209600
39727,1056.89,7956020000
39724,1099.23,6716120000
39723,1114.28,6285640000
39722,1161.06,5782130000
39721,1166.36,4937680000
39720,1106.42,7305060000
39717,1213.27,5383610000
39716,1209.18,5877640000
39715,1185.87,4820360000
39714,1188.22,5185730000
39713,1207.09,5332130000
39710,1255.08,9387169600
39709,1206.51,10082689600
39708,1156.39,9431870400
39707,1213.6,9459830400
39706,1192.7,8279510400
39703,1251.7,6273260000
39702,1249.05,6869249600
39701,1232.04,6543440000
39700,1224.51,7380630400
39699,1267.79,7351340000
39696,1242.31,5017080000
39695,1236.83,5212500000
39694,1274.98,5056980000
39693,1277.58,4783560000
39689,1282.83,3288120000
39688,1300.68,3854280000
39687,1281.66,3499610000
39686,1271.51,3587570000
39685,1266.84,3420600000
39682,1292.2,3741070000
39681,1277.72,4032590000
39680,1274.54,4555030000
39679,1266.69,4159760000
39678,1278.6,3829290000
39675,1298.2,4041820000
39674,1292.93,4064000000
39673,1285.83,4787600000
39672,1289.59,4711290000
39671,1305.32,5067310000
39668,1296.32,4966810000
39667,1266.07,5319380000
39666,1289.19,4873420000
39665,1284.88,1219310000
39664,1249.01,4562280000
39661,1260.31,4684870000
39660,1267.38,5346050000
39659,1284.26,5631330000
39658,1263.2,5414240000
39657,1234.37,4282960000
39654,1257.76,4672560000
39653,1252.54,6127980000
39652,1282.19,6705830000
39651,1277,6180230000
39650,1260,4630640000
39647,1260.68,5653280000
39646,1260.32,7365209600
39645,1245.36,6738630400
39644,1214.91,7363640000
39643,1228.3,5434860000
39640,1239.49,6742200000
39639,1253.39,5840430000
39638,1244.69,5181000000
39637,1273.7,6034110000
39636,1252.31,5265420000
39632,1262.9,3247590000
39631,1261.52,5276090000
39630,1284.91,5846290000
39629,1280,5032330000
39626,1278.38,6208260000
39625,1283.15,5231280000
39624,1321.97,4825640000
39623,1314.29,4705050000
39622,1318,4186370000
39619,1317.93,5324900000
39618,1342.83,4811670000
39617,1337.81,4573570000
39616,1350.93,3801960000
39615,1360.14,3706940000
39612,1360.03,4080420000
39611,1339.87,4734240000
39610,1335.49,4779980000
39609,1358.44,4635070000
39608,1361.76,4404570000
39605,1360.68,4771660000
39604,1404.05,4350790000
39603,1377.2,4338640000
39602,1377.65,4396380000
39601,1385.67,3714320000
39598,1400.38,3845630000
39597,1398.26,3894440000
39596,1390.84,3927240000
39595,1385.35,3588860000
39591,1375.93,3516380000
39590,1394.35,3955960000
39589,1390.71,4517990000
39588,1413.4,3854320000
39587,1426.63,3683970000
39584,1425.35,3842590000
39583,1423.57,3836480000
39582,1408.66,3979370000
39581,1403.04,4018590000
39580,1403.58,3370630000
39577,1388.28,3518620000
39576,1397.68,3827550000
39575,1392.57,4075860000
39574,1418.26,3924100000
39573,1407.49,3410090000
39570,1413.9,3953030000
39569,1409.34,4448780000
39568,1385.59,4508890000
39567,1390.94,3815320000
39566,1396.37,3607000000
39563,1397.84,3891150000
39562,1388.82,4461660000
39561,1379.93,4103610000
39560,1375.94,3821900000
39559,1388.17,3420570000
39556,1390.33,4222380000
39555,1365.56,3713880000
39554,1364.71,4260370000
39553,1334.43,3581230000
39552,1328.32,3565020000
39549,1332.83,3723790000
39548,1360.55,3686150000
39547,1354.49,3556670000
39546,1365.54,3602500000
39545,1372.54,3747780000
39542,1370.4,3703100000
39541,1369.31,3920100000
39540,1367.53,4320440000
39539,1370.18,4745120000
39538,1322.7,4188990000
39535,1315.22,3686980000
39534,1325.76,4037930000
39533,1341.13,4055670000
39532,1352.99,4145120000
39531,1349.88,4499000000
39527,1329.51,6145220000
39526,1298.42,1203830000
39525,1330.74,5335630000
39524,1276.6,5683010000
39521,1288.14,5153780000
39520,1315.48,5073360000
39519,1308.77,4414280000
39518,1320.65,5109080000
39517,1273.37,4261240000
39514,1293.37,4565410000
39513,1304.34,4323460000
39512,1333.7,4277710000
39511,1326.75,4757180000
39510,1331.34,4117570000
39507,1330.63,4426730000
39506,1367.68,3938580000
39505,1380.02,3904700000
39504,1381.29,4096060000
39503,1371.8,3866350000
39500,1353.11,3572660000
39499,1342.53,3696660000
39498,1360.03,3870520000
39497,1348.78,3613550000
39493,1349.99,3583300000
39492,1348.86,3644760000
39491,1367.21,3856420000
39490,1348.86,4044640000
39489,1339.13,3593140000
39486,1331.29,3768490000
39485,1336.91,4589160000
39484,1326.45,4008120000
39483,1336.64,4315740000
39482,1380.82,3495780000
39479,1395.42,4650770000
39478,1378.55,4970290000
39477,1355.81,4742760000
39476,1362.3,4232960000
39475,1353.96,4100930000
39472,1330.61,4882250000
39471,1352.07,5735300000
39470,1338.6,3241680000
39469,1310.5,6544690000
39465,1325.19,6004840000
39464,1333.25,5303130000
39463,1373.2,5440620000
39462,1380.95,4601640000
39461,1416.25,3682090000
39458,1401.02,4495840000
39457,1420.33,5170490000
39456,1409.13,5351030000
39455,1390.19,4705390000
39454,1416.18,4221260000
39451,1411.63,4166000000
39450,1447.16,3429500000
39449,1447.16,3452650000
39447,1468.36,2440880000
39444,1478.49,2420510000
39443,1476.27,2365770000
39442,1497.66,2010500000
39440,1496.45,1267420000
39437,1484.46,4508590000
39436,1460.12,3526890000
39435,1453,3401300000
39434,1454.98,3723690000
39433,1445.9,3569030000
39430,1467.95,3401050000
39429,1488.41,3635170000
39428,1486.59,4482120000
39427,1477.65,4080180000
39426,1515.96,2911760000
39423,1504.66,3177710000
39422,1507.34,3568570000
39421,1485.01,3663660000
39420,1462.79,3343620000
39419,1472.42,3323250000
39416,1481.14,4422200000
39415,1469.72,3524730000
39414,1469.02,4508020000
39413,1428.23,4320720000
39412,1407.22,3706470000
39409,1440.7,1612720000
39407,1416.77,4076230000
39406,1439.7,4875150000
39405,1433.27,4119650000
39402,1458.74,4168870000
39401,1451.15,3941010000
39400,1470.58,4031470000
39399,1481.05,4141310000
39398,1439.18,4192520000
39395,1453.7,4587050000
39394,1474.77,5439720000
39393,1475.62,4353160000
39392,1520.27,3879160000
39391,1502.17,3819330000
39388,1509.65,4285990000
39387,1508.44,4241470000
39386,1549.38,3953070000
39385,1531.02,3212520000
39384,1540.98,3124480000
39381,1535.28,3612120000
39380,1514.4,4183960000
39379,1515.88,4003300000
39378,1519.59,3309120000
39377,1506.33,3471830000
39374,1500.63,4160970000
39373,1540.08,3203210000
39372,1541.24,3638070000
39371,1538.53,3234560000
39370,1548.71,3139290000
39367,1561.8,2788690000
39366,1554.41,3911260000
39365,1562.47,3044760000
39364,1565.15,2932040000
39363,1552.58,2040650000
39360,1557.59,2919030000
39359,1542.84,2690430000
39358,1539.59,3065320000
39357,1546.63,3101910000
39356,1547.04,3281990000
39353,1526.75,2925350000
39352,1531.38,2872180000
39351,1525.42,3237390000
39350,1517.21,3187770000
39349,1517.73,3131310000
39346,1525.75,3679460000
39345,1518.75,2957700000
39344,1529.03,3846750000
39343,1519.78,3708940000
39342,1476.65,2598390000
39339,1484.25,2641740000
39338,1483.95,2877080000
39337,1471.56,2885720000
39336,1471.49,3015330000
39335,1451.7,2835720000
39332,1453.55,3191080000
39331,1478.55,2459590000
39330,1472.29,2991600000
39329,1489.42,2766600000
39325,1473.99,2731610000
39324,1457.64,2582960000
39323,1463.76,2824070000
39322,1432.36,3078090000
39321,1466.79,2406180000
39318,1479.37,2541400000
39317,1462.5,3084390000
39316,1464.07,3309120000
39315,1447.12,3012150000
39314,1445.55,3321340000
39311,1445.94,3570040000
39310,1411.27,6509300000
39309,1406.7,4290930000
39308,1426.54,3814630000
39307,1452.92,3696280000
39304,1453.64,5345780000
39303,1453.09,5889600000
39302,1497.49,5499560000
39301,1476.71,4909390000
39300,1467.67,5067200000
39297,1433.06,4272110000
39296,1472.2,4368850000
39295,1465.81,5256780000
39294,1455.27,4524520000
39293,1473.91,4128780000
39290,1458.95,4784650000
39289,1482.66,4472550000
39288,1518.09,4283200000
39287,1511.04,4115830000
39286,1541.57,3102700000
39283,1534.1,3745780000
39282,1553.08,3251450000
39281,1546.17,3609220000
39280,1549.37,3007140000
39279,1549.52,2704110000
39276,1552.5,2801120000
39275,1547.7,3489600000
39274,1518.76,3082920000
39273,1510.12,3244280000
39272,1531.85,2715330000
39269,1530.44,2441520000
39268,1525.4,2622950000
39266,1524.87,1560790000
39265,1519.43,2644990000
39262,1503.35,3165410000
39261,1505.71,3006710000
39260,1506.34,3398150000
39259,1492.89,3398530000
39258,1497.74,3287250000
39255,1502.56,4284320000
39254,1522.19,3161110000
39253,1512.84,3286900000
39252,1533.7,2873590000
39251,1531.05,2480240000
39248,1532.91,3406030000
39247,1522.97,2813630000
39246,1515.67,3077930000
39245,1493,3056200000
39244,1509.12,2525280000
39241,1507.67,2993460000
39240,1490.72,3538470000
39239,1517.38,2964190000
39238,1530.95,2939450000
39237,1539.18,2738930000
39234,1536.34,2927020000
39233,1530.62,3335530000
39232,1530.23,2980210000
39231,1518.11,2571790000
39227,1515.73,2316250000
39226,1507.51,3365530000
39225,1522.28,3084260000
39224,1524.12,2860500000
39223,1525.1,3465360000
39220,1522.75,2959050000
39219,1512.75,2868640000
39218,1514.14,2915350000
39217,1501.19,3071020000
39216,1503.15,2776130000
39213,1505.85,2720780000
39212,1491.47,3031240000
39211,1512.58,2935550000
39210,1507.72,2795720000
39209,1509.48,2545090000
39206,1505.62,2761930000
39205,1502.39,3007970000
39204,1495.92,3189800000
39203,1486.3,3400350000
39202,1482.37,3093420000
39199,1494.07,2732810000
39198,1494.25,3211800000
39197,1495.42,3252590000
39196,1480.41,3119750000
39195,1480.93,2575020000
39192,1484.35,3329940000
39191,1470.73,2913610000
39190,1472.5,2971330000
39189,1471.48,2920570000
39188,1468.33,2870140000
39185,1452.85,2690020000
39184,1447.8,2770570000
39183,1438.87,2950190000
39182,1448.39,2510110000
39181,1444.61,2349410000
39177,1443.76,2357230000
39176,1439.37,2616320000
39175,1437.77,2921760000
39174,1424.55,2875880000
39171,1420.86,2903960000
39170,1422.53,2854710000
39169,1417.23,3000440000
39168,1428.61,2673040000
39167,1437.5,2754660000
39164,1436.11,2619020000
39163,1434.54,3129970000
39162,1435.04,3184770000
39161,1410.94,2795940000
39160,1402.06,2777180000
39157,1386.95,3393640000
39156,1392.28,2821900000
39155,1387.17,3758350000
39154,1377.95,3485570000
39153,1406.6,2664000000
39150,1402.84,2623050000
39149,1401.89,3014850000
39148,1391.97,3141350000
39147,1395.41,3358160000
39146,1374.12,3480520000
39143,1387.17,3312260000
39142,1403.17,3874910000
39141,1406.82,3925250000
39140,1399.04,4065230000
39139,1449.37,2822170000
39136,1451.19,2579950000
39135,1456.38,1950770000
39134,1457.63,2606980000
39133,1459.68,2337860000
39129,1455.54,2399450000
39128,1456.81,2490920000
39127,1455.3,2699290000
39126,1444.26,2652150000
39125,1433.37,2395680000
39122,1438.06,2951810000
39121,1448.31,2816180000
39120,1450.02,2618820000
39119,1448,2608710000
39118,1446.99,2439430000
39115,1448.39,2569450000
39114,1445.94,2914890000
39113,1438.24,2976690000
39112,1428.82,2706250000
39111,1420.62,2730480000
39108,1422.18,2626620000
39107,1423.9,2994330000
39106,1440.13,2783180000
39105,1427.99,2975070000
39104,1422.95,2540120000
39101,1430.5,2777480000
39100,1426.37,2822430000
39099,1430.62,2690270000
39098,1431.9,2599530000
39094,1430.73,2686480000
39093,1423.82,2857870000
39092,1414.85,2764660000
39091,1412.11,3038380000
39090,1412.84,2763340000
39087,1409.71,2919400000
39086,1418.34,3004460000
39085,1416.6,3429160000
39080,1418.3,1678200000
39079,1424.73,1508570000
39078,1426.84,1667370000
39077,1416.9,1310310000
39073,1410.76,1647590000
39072,1418.3,2322410000
39071,1423.53,2387630000
39070,1425.55,2717060000
39069,1422.48,2568140000
39066,1427.09,3229580000
39065,1425.49,2729700000
39064,1413.21,2552260000
39063,1411.56,2738170000
39062,1413.04,2289900000
39059,1409.84,2440460000
39058,1407.29,2743150000
39057,1412.9,2725280000
39056,1414.76,2755700000
39055,1409.12,2766320000
39052,1396.71,2800980000
39051,1400.63,4006230000
39050,1399.48,2790970000
39049,1386.72,2639750000
39048,1381.96,2711210000
39045,1400.95,832550000
39043,1406.09,2237710000
39042,1402.81,2597940000
39041,1400.5,2546710000
39038,1401.2,2726100000
39037,1399.76,2835730000
39036,1396.57,2831130000
39035,1393.22,3027480000
39034,1384.42,2386340000
39031,1380.9,2290200000
39030,1378.33,3012050000
39029,1385.72,2814820000
39028,1382.84,2636390000
39027,1379.78,2533550000
39024,1364.3,2419730000
39023,1367.34,2646180000
39022,1367.81,2821160000
39021,1377.94,2803030000
39020,1377.93,2770440000
39017,1377.34,2458450000
39016,1389.08,2793350000
39015,1382.22,2953540000
39014,1377.38,2876890000
39013,1377.02,2480430000
39010,1368.6,2526410000
39009,1366.96,2619830000
39008,1365.8,2658840000
39007,1364.05,2519620000
39006,1369.06,2305920000
39003,1365.62,2482920000
39002,1362.83,2514350000
39001,1349.95,2521000000
39000,1353.42,2376140000
38999,1350.66,1935170000
38996,1349.59,2523000000
38995,1353.22,2817240000
38994,1350.2,3019880000
38993,1334.11,2682690000
38992,1331.32,2154480000
38989,1335.85,2273430000
38988,1338.88,2397820000
38987,1336.59,2749190000
38986,1336.35,2673350000
38985,1326.37,2710240000
38982,1314.78,2162880000
38981,1318.03,2627440000
38980,1325.18,2543070000
38979,1317.64,2390850000
38978,1321.18,2325080000
38975,1319.66,3198030000
38974,1316.28,2351220000
38973,1318.07,2597220000
38972,1313,2791580000
38971,1299.54,2506430000
38968,1298.92,2132890000
38967,1294.02,2325850000
38966,1300.26,2329870000
38965,1313.25,2114480000
38961,1311.01,1800520000
38960,1303.82,1974540000
38959,1305.37,2060690000
38958,1304.28,2093720000
38957,1301.78,1834920000
38954,1295.09,1667580000
38953,1296.06,1930320000
38952,1292.99,1893670000
38951,1298.82,1908740000
38950,1297.52,1759240000
38947,1302.3,2033910000
38946,1297.48,2458340000
38945,1295.43,2554570000
38944,1285.58,2334100000
38943,1268.21,2118020000
38940,1266.74,2004540000
38939,1271.81,2402190000
38938,1265.95,2555180000
38937,1271.48,2457840000
38936,1275.77,2045660000
38933,1279.36,2530970000
38932,1280.27,2728440000
38931,1277.41,2610750000
38930,1270.92,2527690000
38929,1276.66,2461300000
38926,1278.55,2480420000
38925,1263.2,2776710000
38924,1268.4,2667710000
38923,1268.88,2563930000
38922,1260.91,2312720000
38919,1240.29,2704090000
38918,1249.13,2345580000
38917,1259.81,2701980000
38916,1236.86,2481750000
38915,1234.49,2146410000
38912,1236.2,2467120000
38911,1242.28,2545760000
38910,1258.6,2250450000
38909,1272.43,2310850000
38908,1267.34,1854590000
38905,1265.48,1988150000
38904,1274.08,2009160000
38903,1270.91,2165070000
38901,1280.19,1114470000
38898,1270.2,3049560000
38897,1272.87,2621250000
38896,1246,2085490000
38895,1239.2,2203130000
38894,1250.56,1878580000
38891,1244.5,2017270000
38890,1245.6,2148180000
38889,1252.2,2361230000
38888,1240.12,2232950000
38887,1240.13,2517200000
38884,1251.54,2783390000
38883,1256.16,2775480000
38882,1230.04,2667990000
38881,1223.69,3215770000
38880,1237.44,2247010000
38877,1252.3,2214000000
38876,1257.93,3543790000
38875,1256.15,2644170000
38874,1263.85,2697650000
38873,1265.29,2313470000
38870,1288.22,2295540000
38869,1285.71,2360160000
38868,1270.09,2692160000
38867,1259.87,2176190000
38863,1280.16,1814020000
38862,1272.88,2372730000
38861,1258.57,2999030000
38860,1256.58,2605250000
38859,1262.07,2773010000
38856,1267.03,2982300000
38855,1261.81,2537490000
38854,1270.32,2830200000
38853,1292.08,2386210000
38852,1294.5,2505660000
38849,1291.24,2567970000
38848,1305.92,2531520000
38847,1322.85,2268550000
38846,1325.14,2157290000
38845,1324.66,2151300000
38842,1325.76,2294760000
38841,1312.25,2431450000
38840,1308.12,2395230000
38839,1313.21,2403470000
38838,1305.19,2437040000
38835,1310.61,2419920000
38834,1309.72,2772010000
38833,1305.41,2502690000
38832,1301.74,2366380000
38831,1308.11,2117330000
38828,1311.28,2392630000
38827,1311.46,2512920000
38826,1309.93,2447310000
38825,1307.28,2595440000
38824,1285.33,1794650000
38820,1289.12,1891940000
38819,1288.12,1938100000
38818,1286.57,2232880000
38817,1296.62,1898320000
38814,1295.5,2082470000
38813,1309.04,2281680000
38812,1311.56,2420020000
38811,1305.93,2147660000
38810,1297.81,2494080000
38807,1294.87,2236710000
38806,1300.25,2294560000
38805,1302.89,2143540000
38804,1293.23,2148580000
38803,1301.61,2029700000
38800,1302.95,2326070000
38799,1301.67,1980940000
38798,1305.04,2039810000
38797,1297.23,2147370000
38796,1305.08,1976830000
38793,1307.25,2549620000
38792,1305.33,2292180000
38791,1303.02,2293000000
38790,1297.48,2165270000
38789,1284.13,2070330000
38786,1281.42,2123450000
38785,1272.23,2140110000
38784,1278.47,2442870000
38783,1275.88,2268050000
38782,1278.26,2280190000
38779,1287.23,2152950000
38778,1289.14,2494590000
38777,1291.24,2308320000
38776,1280.66,2370860000
38775,1294.12,1975320000
38772,1289.43,1933010000
38771,1287.79,2144210000
38770,1292.67,2222380000
38769,1283.03,2104320000
38765,1287.24,2128260000
38764,1289.38,2251490000
38763,1280,2317590000
38762,1275.53,2437940000
38761,1262.86,1850080000
38758,1266.99,2290050000
38757,1263.78,2441920000
38756,1265.65,2456860000
38755,1254.78,2366370000
38754,1265.02,2132360000
38751,1264.03,2282210000
38750,1270.84,2565300000
38749,1282.46,2589410000
38748,1280.08,2708310000
38747,1285.19,2282730000
38744,1283.72,2623620000
38743,1273.83,2856780000
38742,1264.68,2617060000
38741,1266.86,2608720000
38740,1263.82,2256070000
38737,1261.49,2845810000
38736,1285.04,2444020000
38735,1277.93,2233200000
38734,1283.03,2179970000
38730,1287.61,2206510000
38729,1286.06,2318350000
38728,1294.18,2406130000
38727,1289.69,2373080000
38726,1290.15,2301490000
38723,1285.45,2446560000
38722,1273.48,2433340000
38721,1273.46,2515330000
38720,1268.8,2554570000
38716,1248.29,1443500000
38715,1254.42,1382540000
38714,1258.17,1422360000
38713,1256.54,1540470000
38709,1268.66,1285810000
38708,1268.12,1888500000
38707,1262.79,2065170000
38706,1259.62,1996690000
38705,1259.92,2208810000
38702,1267.32,2584190000
38701,1270.94,2180590000
38700,1272.74,2145520000
38699,1267.43,2390020000
38698,1260.43,1876550000
38695,1259.37,1896290000
38694,1255.84,2178300000
38693,1257.37,2093830000
38692,1263.7,2110740000
38691,1262.09,2325840000
38688,1265.08,2125580000
38687,1264.67,2614830000
38686,1249.48,2374690000
38685,1257.48,2268340000
38684,1257.46,2016900000
38681,1268.25,724940000
38679,1265.61,1985400000
38678,1261.23,2291420000
38677,1254.85,2117350000
38674,1248.27,2453290000
38673,1242.8,2298040000
38672,1231.21,2121580000
38671,1229.01,2359370000
38670,1233.76,1899780000
38667,1234.72,1773140000
38666,1230.96,2378460000
38665,1220.65,2214460000
38664,1218.59,1965050000
38663,1222.81,1987580000
38660,1220.14,2050510000
38659,1219.94,2716630000
38658,1214.76,2648090000
38657,1202.76,2457850000
38656,1207.01,2567470000
38653,1198.41,2379400000
38652,1178.9,2395370000
38651,1191.38,2467750000
38650,1196.54,2312470000
38649,1199.38,2197790000
38646,1179.59,2470920000
38645,1177.8,2617250000
38644,1195.76,2703590000
38643,1178.14,2197010000
38642,1190.1,2054570000
38639,1186.57,2188940000
38638,1176.84,2351150000
38637,1177.68,2491280000
38636,1184.87,2299040000
38635,1187.33,2195990000
38632,1195.9,2126080000
38631,1191.49,2792030000
38630,1196.39,2546780000
38629,1214.47,2341420000
38628,1226.7,2097490000
38625,1228.81,2097520000
38624,1227.68,2176120000
38623,1216.89,2106980000
38622,1215.66,1976270000
38621,1215.63,2022220000
38618,1215.29,1973020000
38617,1214.62,2424720000
38616,1210.2,2548150000
38615,1221.34,2319250000
38614,1231.02,2076540000
38611,1237.91,3152470000
38610,1227.73,2079340000
38609,1227.16,1986750000
38608,1231.2,2082360000
38607,1240.56,1938050000
38604,1241.48,1992560000
38603,1231.67,1955380000
38602,1236.36,2067700000
38601,1233.39,1932090000
38597,1218.02,1640160000
38596,1221.59,2229860000
38595,1220.33,2365510000
38594,1208.41,1916470000
38593,1212.28,1599450000
38590,1205.1,1541090000
38589,1212.37,1571110000
38588,1209.59,1930800000
38587,1217.59,1678620000
38586,1221.73,1621330000
38583,1219.71,1558790000
38582,1219.02,1808170000
38581,1220.24,1859150000
38580,1219.34,1820410000
38579,1233.87,1562880000
38576,1230.39,1709300000
38575,1237.81,1941560000
38574,1229.13,2172320000
38573,1231.38,1897520000
38572,1223.13,1804140000
38569,1226.42,1930280000
38568,1235.86,1981220000
38567,1245.04,1999980000
38566,1244.12,2043120000
38565,1235.35,1716870000
38562,1234.18,1789600000
38561,1243.72,2001680000
38560,1236.79,1945800000
38559,1231.16,1934180000
38558,1229.03,1717580000
38555,1233.68,1766990000
38554,1227.04,2129840000
38553,1235.2,2063340000
38552,1229.35,2041280000
38551,1221.13,1582100000
38548,1227.92,1716400000
38547,1226.5,2048710000
38546,1223.29,1812500000
38545,1222.21,1932010000
38544,1219.44,1846300000
38541,1211.86,1900810000
38540,1197.87,1952440000
38539,1194.94,1883470000
38538,1204.99,1805820000
38534,1194.44,1593820000
38533,1191.33,2109490000
38532,1199.85,1769280000
38531,1201.57,1772410000
38530,1190.69,1738620000
38527,1191.57,2418800000
38526,1200.73,2029920000
38525,1213.88,1823250000
38524,1213.61,1720700000
38523,1216.1,1714530000
38520,1216.96,2407370000
38519,1210.96,1776040000
38518,1206.58,1840440000
38517,1203.91,1698150000
38516,1200.82,1661350000
38513,1198.11,1664180000
38512,1200.93,1824120000
38511,1194.67,1715490000
38510,1197.26,1851370000
38509,1197.51,1547120000
38506,1196.02,1627520000
38505,1204.29,1813790000
38504,1202.22,1810100000
38503,1191.5,1840680000
38499,1198.78,1381430000
38498,1197.62,1654110000
38497,1190.01,1742180000
38496,1194.07,1681000000
38495,1193.86,1681170000
38492,1189.28,1631750000
38491,1191.08,1775860000
38490,1185.56,2266320000
38489,1173.8,1887260000
38488,1165.69,1856860000
38485,1154.05,2188590000
38484,1159.36,1995290000
38483,1171.11,1834970000
38482,1166.22,1889660000
38481,1178.84,1857020000
38478,1171.35,1707200000
38477,1172.63,1997100000
38476,1175.65,2306480000
38475,1161.17,2167020000
38474,1162.16,1980040000
38471,1156.85,2362360000
38470,1143.22,2182270000
38469,1156.38,2151520000
38468,1151.83,1959740000
38467,1162.1,1795030000
38464,1152.12,2045880000
38463,1159.95,2308560000
38462,1137.5,2217050000
38461,1152.78,2142700000
38460,1145.98,2180670000
38457,1142.62,2689960000
38456,1162.05,2355040000
38455,1173.79,2049740000
38454,1187.76,1979830000
38453,1181.21,1525310000
38450,1181.2,1661330000
38449,1191.14,1900620000
38448,1184.07,1797400000
38447,1181.39,1870800000
38446,1176.12,2079770000
38443,1172.92,2168690000
38442,1180.59,2214230000
38441,1181.41,2097110000
38440,1165.36,2223250000
38439,1174.28,1746220000
38435,1171.42,1721720000
38434,1172.53,2246870000
38433,1171.71,2114470000
38432,1183.78,1819440000
38429,1189.65,2344370000
38428,1190.21,1581930000
38427,1188.07,1653190000
38426,1197.75,1513530000
38425,1206.83,1437430000
38422,1200.08,1449820000
38421,1209.25,1604020000
38420,1207.01,1704970000
38419,1219.43,1523090000
38418,1225.31,1488830000
38415,1222.12,1636820000
38414,1210.47,1616240000
38413,1210.08,1568540000
38412,1210.41,1708060000
38411,1203.6,1795480000
38408,1211.37,1523680000
38407,1200.2,1518750000
38406,1190.8,1501090000
38405,1184.16,1744940000
38401,1201.59,1551200000
38400,1200.75,1580120000
38399,1210.34,1490100000
38398,1210.12,1527080000
38397,1206.14,1290180000
38394,1205.3,1562300000
38393,1197.01,1491670000
38392,1191.99,1511040000
38391,1202.3,1416170000
38390,1201.72,1347270000
38387,1203.03,1648160000
38386,1189.89,1554460000
38385,1193.19,1561740000
38384,1189.41,1681980000
38383,1181.27,1679800000
38380,1171.36,1641800000
38379,1174.55,1600600000
38378,1174.07,1635900000
38377,1168.41,1610400000
38376,1163.75,1494600000
38373,1167.87,1643500000
38372,1175.41,1692000000
38371,1184.63,1498700000
38370,1195.98,1596800000
38366,1184.52,1335400000
38365,1177.45,1510300000
38364,1187.7,1562100000
38363,1182.99,1488800000
38362,1190.25,1490400000
38359,1186.19,1477900000
38358,1187.89,1569100000
38357,1183.74,1738900000
38356,1188.05,1721000000
38355,1202.08,1510800000
38352,1211.92,786900000
38351,1213.55,829800000
38350,1213.45,925900000
38349,1213.54,983000000
38348,1204.92,922000000
38344,1210.13,956100000
38343,1209.57,1390800000
38342,1205.45,1483700000
38341,1194.65,1422800000
38338,1194.2,2335000000
38337,1203.21,1793900000
38336,1205.72,1695800000
38335,1203.38,1544400000
38334,1198.68,1436100000
38331,1188,1443700000
38330,1189.24,1624700000
38329,1182.81,1525200000
38328,1177.07,1533900000
38327,1190.25,1354400000
38324,1191.17,1566700000
38323,1190.33,1774900000
38322,1191.37,1772800000
38321,1173.82,1553500000
38320,1178.57,1378500000
38317,1182.65,504580000
38315,1181.76,1149600000
38314,1176.94,1428300000
38313,1177.24,1392700000
38310,1170.34,1526600000
38309,1183.55,1456700000
38308,1181.94,1684200000
38307,1175.43,1364400000
38306,1183.81,1453300000
38303,1184.17,1531600000
38302,1173.48,1393000000
38301,1162.91,1504300000
38300,1164.08,1450800000
38299,1164.89,1358700000
38296,1166.17,1724400000
38295,1161.67,1782700000
38294,1143.2,1767500000
38293,1130.56,1659000000
38292,1130.51,1395900000
38289,1130.2,1500800000
38288,1127.44,1628200000
38287,1125.4,1741900000
38286,1111.09,1685400000
38285,1094.8,1380500000
38282,1095.74,1469600000
38281,1106.49,1673000000
38280,1103.66,1685700000
38279,1103.23,1737500000
38278,1114.02,1373300000
38275,1108.2,1645100000
38274,1103.29,1489500000
38273,1113.65,1546200000
38272,1121.84,1320100000
38271,1124.39,943800000
38268,1122.14,1291600000
38267,1130.65,1447500000
38266,1142.05,1416700000
38265,1134.48,1418400000
38264,1135.17,1534000000
38261,1131.5,1582200000
38260,1114.58,1748000000
38259,1114.8,1402900000
38258,1110.06,1396600000
38257,1103.52,1263500000
38254,1110.11,1255400000
38253,1108.36,1286300000
38252,1113.56,1379900000
38251,1129.3,1325000000
38250,1122.2,1197600000
38247,1128.55,1422600000
38246,1123.5,1113900000
38245,1120.37,1256000000
38244,1128.33,1204500000
38243,1125.82,1299800000
38240,1123.92,1261200000
38239,1118.38,1371300000
38238,1116.27,1246300000
38237,1121.3,1214400000
38233,1113.63,924170000
38232,1118.31,1118400000
38231,1105.91,1142100000
38230,1104.24,1138200000
38229,1099.15,843100000
38226,1107.77,845400000
38225,1105.09,1023600000
38224,1104.96,1192200000
38223,1096.19,1092500000
38222,1095.68,1021900000
38219,1098.35,1199900000
38218,1091.23,1249400000
38217,1095.17,1282500000
38216,1081.71,1267800000
38215,1079.34,1206200000
38212,1064.8,1175100000
38211,1063.23,1405100000
38210,1075.79,1410400000
38209,1079.04,1245600000
38208,1065.22,1086000000
38205,1063.97,1521000000
38204,1080.7,1397400000
38203,1098.63,1369200000
38202,1099.69,1338300000
38201,1106.62,1276000000
38198,1101.72,1298200000
38197,1100.43,1530100000
38196,1095.42,1554300000
38195,1094.83,1610800000
38194,1084.07,1413400000
38191,1086.2,1337500000
38190,1096.84,1680800000
38189,1093.88,1679500000
38188,1108.67,1445800000
38187,1100.9,1319900000
38184,1101.39,1450300000
38183,1106.69,1408700000
38182,1111.47,1462000000
38181,1115.14,1199700000
38180,1114.35,1114600000
38177,1112.81,1186300000
38176,1109.11,1401100000
38175,1118.33,1328600000
38174,1116.21,1283300000
38170,1125.38,1085000000
38169,1128.94,1495700000
38168,1140.84,1473800000
38167,1136.2,1375000000
38166,1133.35,1354600000
38163,1134.43,1812900000
38162,1140.65,1394900000
38161,1144.06,1444200000
38160,1134.41,1382300000
38159,1130.3,1123900000
38156,1135.02,1500600000
38155,1132.05,1296700000
38154,1133.56,1168400000
38153,1132.01,1345900000
38152,1125.29,1179400000
38148,1136.47,1160600000
38147,1131.33,1276800000
38146,1142.18,1190300000
38145,1140.42,1211800000
38142,1122.5,1115300000
38141,1116.64,1232400000
38140,1124.99,1251700000
38139,1121.2,1238000000
38135,1120.68,1172600000
38134,1121.28,1447500000
38133,1114.94,1369400000
38132,1113.05,1545700000
38131,1095.41,1227500000
38128,1093.56,1258600000
38127,1089.19,1211000000
38126,1088.68,1548600000
38125,1091.49,1353000000
38124,1084.1,1430100000
38121,1095.7,1335900000
38120,1096.44,1411100000
38119,1097.28,1697600000
38118,1095.45,1533800000
38117,1087.12,1918400000
38114,1098.7,1653600000
38113,1113.99,1509300000
38112,1121.53,1469000000
38111,1119.55,1662100000
38110,1117.49,1571600000
38107,1107.3,1634700000
38106,1113.89,1859000000
38105,1122.41,1855600000
38104,1138.11,1518000000
38103,1135.53,1290600000
38100,1140.6,1396100000
38099,1139.93,1826700000
38098,1124.09,1738100000
38097,1118.15,1508500000
38096,1135.82,1194900000
38093,1134.61,1487800000
38092,1128.84,1568700000
38091,1128.17,1547700000
38090,1129.44,1423200000
38089,1145.2,1102400000
38085,1139.32,1199800000
38084,1140.53,1458800000
38083,1148.16,1397700000
38082,1150.57,1413700000
38079,1141.81,1629200000
38078,1132.17,1560700000
38077,1126.21,1560700000
38076,1127,1332400000
38075,1122.47,1405500000
38072,1108.06,1319100000
38071,1109.19,1471700000
38070,1091.33,1527800000
38069,1093.95,1458200000
38068,1095.4,1452300000
38065,1109.78,1457400000
38064,1122.32,1369200000
38063,1123.75,1490100000
38062,1110.7,1500700000
38061,1104.49,1600600000
38058,1120.57,1388500000
38057,1106.78,1889900000
38056,1123.89,1648400000
38055,1140.58,1499400000
38054,1147.2,1254400000
38051,1156.86,1398200000
38050,1154.87,1265800000
38049,1151.03,1334500000
38048,1149.1,1476000000
38047,1155.97,1497100000
38044,1144.94,1540400000
38043,1144.91,1383900000
38042,1143.67,1360700000
38041,1139.09,1543600000
38040,1140.99,1380400000
38037,1144.11,1479600000
38036,1147.06,1562800000
38035,1151.82,1382400000
38034,1156.99,1396500000
38030,1145.81,1329200000
38029,1152.11,1464300000
38028,1157.76,1699300000
38027,1145.54,1403900000
38026,1139.81,1303500000
38023,1142.76,1477600000
38022,1128.59,1566600000
38021,1126.52,1634800000
38020,1136.03,1476900000
38019,1135.26,1599200000
38016,1131.13,1635000000
38015,1134.11,1921900000
38014,1128.48,1842000000
38013,1144.05,1673100000
38012,1155.37,1480600000
38009,1141.55,1561200000
38008,1143.94,1693700000
38007,1147.62,1757600000
38006,1138.77,1698200000
38002,1139.83,1721100000
38001,1132.05,1695000000
38000,1130.52,1514600000
37999,1121.22,1595900000
37998,1127.23,1510200000
37995,1121.86,1720700000
37994,1131.92,1868400000
37993,1126.33,1704900000
37992,1123.67,1494500000
37991,1122.22,1578200000
37988,1108.48,1153200000
37986,1111.92,1027500000
37985,1109.64,1012600000
37984,1109.48,1058800000
37981,1095.89,356070000
37979,1094.04,518060000
37978,1096.02,1145300000
37977,1092.94,1251700000
37974,1088.66,1657300000
37973,1089.18,1579900000
37972,1076.48,1441700000
37971,1075.13,1547900000
37970,1068.04,1520800000
37967,1074.14,1223100000
37966,1071.21,1441100000
37965,1059.05,1444000000
37964,1060.18,1465500000
37963,1069.3,1218900000
37960,1061.5,1265900000
37959,1069.72,1463100000
37958,1064.73,1441700000
37957,1066.62,1383200000
37956,1070.12,1375000000
37953,1058.2,487220000
37951,1058.45,1097700000
37950,1053.89,1333700000
37949,1052.08,1302800000
37946,1035.28,1273800000
37945,1033.65,1326700000
37944,1042.44,1326200000
37943,1034.15,1354300000
37942,1043.63,1374300000
37939,1050.35,1356100000
37938,1058.41,1383000000
37937,1058.53,1349300000
37936,1046.57,1162500000
37935,1047.11,1243600000
37932,1053.21,1440500000
37931,1058.05,1453900000
37930,1051.81,1401800000
37929,1053.25,1417600000
37928,1059.02,1378200000
37925,1050.71,1498900000
37924,1046.94,1629700000
37923,1048.11,1562600000
37922,1046.79,1629200000
37921,1031.13,1371800000
37918,1028.91,1420300000
37917,1033.77,1604300000
37916,1030.36,1647200000
37915,1046.03,1498000000
37914,1044.68,1172600000
37911,1039.32,1352000000
37910,1050.07,1417700000
37909,1046.76,1521100000
37908,1049.48,1271900000
37907,1045.35,1040500000
37904,1038.06,1108100000
37903,1038.73,1578700000
37902,1033.78,1262500000
37901,1039.25,1279500000
37900,1034.35,1025800000
37897,1029.85,1570500000
37896,1020.24,1269300000
37895,1018.22,1566300000
37894,995.97,1590500000
37893,1006.58,1366500000
37890,996.85,1472500000
37889,1003.27,1530000000
37888,1009.38,1556000000
37887,1029.03,1301700000
37886,1022.82,1278800000
37883,1036.3,1518600000
37882,1039.58,1498800000
37881,1025.97,1338210000
37880,1029.32,1403200000
37879,1014.81,1151300000
37876,1018.63,1236700000
37875,1016.42,1335900000
37874,1010.92,1582100000
37873,1023.17,1414800000
37872,1031.64,1299300000
37869,1021.39,1465200000
37868,1027.97,1453900000
37867,1026.27,1675600000
37866,1021.99,1470500000
37862,1008.01,945100000
37861,1002.84,1165200000
37860,996.79,1051400000
37859,996.73,1178700000
37858,993.71,971700000
37855,993.06,1308900000
37854,1003.27,1407100000
37853,1000.3,1210800000
37852,1002.35,1300600000
37851,999.74,1127600000
37848,990.67,636370000
37847,990.51,1186800000
37846,984.03,1208800000
37845,990.35,1132300000
37844,980.59,1022200000
37841,977.59,1086600000
37840,974.12,1389300000
37839,967.08,1491000000
37838,965.46,1351700000
37837,982.82,1318700000
37834,980.15,1390600000
37833,990.31,1608000000
37832,987.49,1391900000
37831,989.28,1508900000
37830,996.52,1328600000
37827,998.68,1397500000
37826,981.6,1559000000
37825,988.61,1362700000
37824,988.11,1439700000
37823,978.8,1254200000
37820,993.32,1365200000
37819,981.73,1661400000
37818,994.09,1662000000
37817,1000.42,1518600000
37816,1003.86,1448900000
37813,998.14,1212700000
37812,988.7,1465700000
37811,1002.21,1618000000
37810,1007.84,1565700000
37809,1004.42,1429100000
37805,985.7,775900000
37804,993.75,1519300000
37803,982.32,1460200000
37802,974.5,1587200000
37799,976.22,1267800000
37798,985.82,1387400000
37797,975.32,1459200000
37796,983.45,1388300000
37795,981.64,1398100000
37792,995.69,1698000000
37791,994.7,1530100000
37790,1010.09,1488900000
37789,1011.66,1479700000
37788,1010.74,1345900000
37785,988.61,1271600000
37784,998.51,1553100000
37783,997.48,1520000000
37782,984.84,1275400000
37781,975.93,1307000000
37778,987.76,1837200000
37777,990.14,1693100000
37776,986.24,1618700000
37775,971.56,1450200000
37774,967,1662500000
37771,963.59,1688800000
37770,949.64,1685800000
37769,953.22,1559000000
37768,951.48,1532000000
37764,933.22,1201000000
37763,931.87,1448500000
37762,923.42,1457800000
37761,919.73,1505300000
37760,920.77,1375700000
37757,944.3,1505500000
37756,946.67,1508700000
37755,939.28,1401800000
37754,942.3,1418100000
37753,945.11,1378800000
37750,933.41,1326100000
37749,920.27,1379600000
37748,929.62,1531900000
37747,934.39,1649600000
37746,926.55,1446300000
37743,930.08,1554300000
37742,916.3,1397500000
37741,916.92,1788510000
37740,917.84,1525600000
37739,914.84,1273000000
37736,898.81,1335800000
37735,911.43,1648100000
37734,919.02,1667200000
37733,911.37,1631200000
37732,892.01,1118700000
37728,893.58,1430600000
37727,879.91,1587600000
37726,890.81,1460200000
37725,885.23,1131000000
37722,868.3,1141600000
37721,871.58,1275300000
37720,865.99,1293700000
37719,878.29,1235400000
37718,879.93,1494000000
37715,878.85,1241200000
37714,876.45,1339500000
37713,880.9,1589800000
37712,858.48,1461600000
37711,848.18,1495500000
37708,863.5,1227000000
37707,868.52,1232900000
37706,869.95,1319700000
37705,874.74,1333400000
37704,864.23,1293000000
37701,895.79,1883710000
37700,875.67,1439100000
37699,874.02,1473400000
37698,866.45,1555100000
37697,862.79,1700420000
37694,833.27,1541900000
37693,831.9,1816300000
37692,804.19,1620000000
37691,800.73,1427700000
37690,807.48,1255000000
37687,828.89,1368500000
37686,822.1,1299200000
37685,829.85,1332700000
37684,821.99,1256600000
37683,834.81,1208900000
37680,841.15,1373300000
37679,837.28,1287800000
37678,827.55,1374400000
37677,838.57,1483700000
37676,832.58,1229200000
37673,848.17,1398200000
37672,837.1,1194100000
37671,845.13,1075600000
37670,851.17,1250800000
37666,834.89,1404600000
37665,817.37,1489300000
37664,818.68,1260500000
37663,829.2,1307000000
37662,835.97,1238200000
37659,829.69,1276800000
37658,838.15,1430900000
37657,843.59,1450800000
37656,848.2,1451600000
37655,860.32,1258500000
37652,855.7,1578530000
37651,844.61,1510300000
37650,864.36,1595400000
37649,858.54,1459100000
37648,847.48,1435900000
37645,861.4,1574800000
37644,887.34,1744550000
37643,878.36,1560800000
37642,887.62,1335200000
37638,901.78,1358200000
37637,914.6,1534600000
37636,918.22,1432100000
37635,931.66,1379400000
37634,926.26,1396300000
37631,927.57,1485400000
37630,927.57,1560300000
37629,909.93,1467600000
37628,922.93,1545200000
37627,929.01,1435900000
37624,908.59,1130800000
37623,909.03,1229200000
37621,879.82,1088500000
37620,879.39,1057800000
37617,875.4,758400000
37616,889.66,721100000
37614,892.47,458310000
37613,897.38,1112100000
37610,895.76,1782730000
37609,884.25,1385900000
37608,891.12,1446200000
37607,902.99,1251800000
37606,910.4,1271600000
37603,889.48,1330800000
37602,901.58,1255300000
37601,904.96,1285100000
37600,904.45,1286600000
37599,892,1320800000
37596,912.23,1241100000
37595,906.55,1250200000
37594,917.58,1588900000
37593,920.75,1488400000
37592,934.53,1612000000
37589,936.31,643460000
37587,938.87,1350300000
37586,913.31,1543600000
37585,932.87,1574000000
37582,930.55,1626800000
37581,933.76,2415100000
37580,914.15,1517300000
37579,896.74,1337400000
37578,900.36,1282600000
37575,909.83,1400100000
37574,904.27,1519000000
37573,882.53,1463400000
37572,882.95,1377100000
37571,876.19,1113000000
37568,894.74,1446500000
37567,902.65,1466900000
37566,923.76,1674000000
37565,915.39,1354100000
37564,908.35,1645900000
37561,900.96,1450400000
37560,885.76,1641300000
37559,890.71,1422300000
37558,882.15,1529700000
37557,890.23,1382600000
37554,897.65,1340400000
37553,882.5,1700570000
37552,896.14,1593900000
37551,890.16,1549200000
37550,899.72,1447000000
37547,884.39,1423100000
37546,879.2,1780390000
37545,860.02,1585000000
37544,881.27,1956000000
37543,841.44,1200300000
37540,835.32,1854130000
37539,803.92,2090230000
37538,776.76,1885030000
37537,798.55,1938430000
37536,785.28,1576500000
37533,800.58,1835930000
37532,818.95,1674500000
37531,827.91,1668900000
37530,847.91,1780900000
37529,815.28,1721870000
37526,827.37,1507300000
37525,854.95,1650000000
37524,839.66,1651500000
37523,819.29,1670240000
37522,833.7,1381100000
37519,845.39,1792800000
37518,843.32,1524000000
37517,869.46,1501000000
37516,873.52,1448600000
37515,891.1,1001400000
37512,889.81,1271000000
37511,886.91,1191600000
37510,909.45,846600000
37509,909.58,1186400000
37508,902.96,1130600000
37505,893.92,1184500000
37504,879.15,1401300000
37503,893.4,1372100000
37502,878.02,1289800000
37498,916.07,929900000
37497,917.8,1271100000
37496,917.87,1146600000
37495,934.82,1307700000
37494,947.95,1016900000
37491,940.86,1071500000
37490,962.7,1373000000
37489,949.36,1353100000
37488,937.43,1308500000
37487,950.7,1299800000
37484,928.77,1265300000
37483,930.25,1505100000
37482,919.62,1533800000
37481,884.21,1297700000
37480,903.8,1036500000
37477,908.64,1294900000
37476,905.46,1646700000
37475,876.77,1490400000
37474,859.57,1514100000
37473,834.6,1425500000
37470,864.24,1538100000
37469,884.66,1672200000
37468,911.62,2049360000
37467,902.78,1826090000
37466,898.96,1778650000
37463,852.84,1796100000
37462,838.68,2424700000
37461,843.43,2775560000
37460,797.7,2441020000
37459,819.85,2248060000
37456,847.75,2654100000
37455,881.56,1736300000
37454,906.04,2566500000
37453,900.94,1843700000
37452,917.93,2574800000
37449,921.39,1607400000
37448,927.37,2080480000
37447,920.47,1816900000
37446,952.83,1348900000
37445,976.98,1184400000
37442,989.03,699400000
37440,953.99,1527800000
37439,948.09,1823000000
37438,968.65,1425500000
37435,989.82,2117000000
37434,990.64,1908600000
37433,973.53,2014290000
37432,976.14,1513700000
37431,992.72,1552600000
37428,989.14,1497200000
37427,1006.29,1389700000
37426,1019.99,1336100000
37425,1037.14,1193100000
37424,1036.17,1236600000
37421,1007.27,1549000000
37420,1009.56,1405500000
37419,1020.26,1795720000
37418,1013.6,1212400000
37417,1030.74,1226200000
37414,1027.53,1341300000
37413,1029.15,1601500000
37412,1049.9,1300100000
37411,1040.69,1466600000
37410,1040.68,1324300000
37407,1067.14,1277300000
37406,1064.66,1286600000
37405,1067.66,1081800000
37404,1074.55,996500000
37400,1083.82,885400000
37399,1097.08,1192900000
37398,1086.02,1136300000
37397,1079.88,1200500000
37396,1091.88,989800000
37393,1106.59,1274400000
37392,1098.23,1256600000
37391,1091.07,1420200000
37390,1097.28,1414500000
37389,1074.56,1088600000
37386,1054.99,1171900000
37385,1073.01,1153000000
37384,1088.85,1502000000
37383,1049.49,1354700000
37382,1052.67,1122600000
37379,1073.43,1284500000
37378,1084.56,1364000000
37377,1086.46,1451400000
37376,1076.92,1628600000
37375,1065.45,1314700000
37372,1076.32,1374200000
37371,1091.48,1517400000
37370,1093.14,1373200000
37369,1100.96,1388500000
37368,1107.83,1181800000
37365,1125.17,1185000000
37364,1124.47,1359300000
37363,1126.07,1376900000
37362,1128.37,1341300000
37361,1102.55,1120400000
37358,1111.01,1282100000
37357,1103.69,1505600000
37356,1130.47,1447900000
37355,1117.8,1235400000
37354,1125.29,1095300000
37351,1122.73,1110200000
37350,1126.34,1283800000
37349,1125.4,1219700000
37348,1136.76,1176700000
37347,1146.54,1050900000
37343,1147.39,1147600000
37342,1144.58,1180100000
37341,1138.49,1223600000
37340,1131.87,1057900000
37337,1148.7,1243300000
37336,1153.59,1339200000
37335,1151.85,1304900000
37334,1170.29,1255000000
37333,1165.55,1169500000
37330,1166.16,1493900000
37329,1153.04,1208800000
37328,1154.09,1354000000
37327,1165.58,1304400000
37326,1168.26,1210200000
37323,1164.31,1412000000
37322,1157.54,1517400000
37321,1162.77,1541300000
37320,1146.14,1549300000
37319,1153.84,1594300000
37316,1131.78,1456500000
37315,1106.73,1392200000
37314,1109.89,1393800000
37313,1109.38,1309200000
37312,1109.43,1367400000
37309,1089.84,1411000000
37308,1080.95,1381600000
37307,1097.98,1438900000
37306,1083.34,1189900000
37302,1104.18,1359200000
37301,1116.48,1272500000
37300,1118.51,1215900000
37299,1107.5,1094200000
37298,1111.94,1159400000
37295,1096.22,1371900000
37294,1080.17,1441600000
37293,1083.51,1665800000
37292,1090.02,1778300000
37291,1094.44,1437600000
37288,1122.2,1367200000
37287,1130.2,1557000000
37286,1113.57,2019600000
37285,1100.64,1812000000
37284,1133.06,1186800000
37281,1133.28,1345100000
37280,1132.15,1552800000
37279,1128.18,1479200000
37278,1119.31,1311600000
37274,1127.58,1333300000
37273,1138.88,1380100000
37272,1127.57,1482500000
37271,1146.19,1386900000
37270,1138.41,1286400000
37267,1145.6,1211900000
37266,1156.55,1299000000
37265,1155.14,1452000000
37264,1160.71,1258800000
37263,1164.89,1308300000
37260,1172.51,1513000000
37259,1165.27,1398900000
37258,1154.67,1171000000
37256,1148.08,943600000
37253,1161.02,917400000
37252,1157.13,876300000
37251,1149.37,791100000
37249,1144.65,439670000
37246,1144.89,1694000000
37245,1139.93,1490500000
37244,1149.56,1484900000
37243,1142.92,1354000000
37242,1134.36,1260400000
37239,1123.09,1306800000
37238,1119.38,1511500000
37237,1137.07,1449700000
37236,1136.76,1367200000
37235,1139.93,1218700000
37232,1158.31,1248200000
37231,1167.1,1487900000
37230,1170.35,1765300000
37229,1144.8,1318500000
37228,1129.9,1202900000
37225,1139.45,1343600000
37224,1140.2,1375700000
37223,1128.52,1423700000
37222,1149.5,1288000000
37221,1157.42,1129800000
37218,1150.34,410300000
37216,1137.03,1029300000
37215,1142.66,1330200000
37214,1151.06,1316800000
37211,1138.65,1337400000
37210,1142.24,1454500000
37209,1141.21,1443400000
37208,1139.09,1370100000
37207,1118.33,991600000
37204,1120.31,1093800000
37203,1118.54,1517500000
37202,1115.8,1411300000
37201,1118.86,1356000000
37200,1102.84,1267700000
37197,1087.2,1121900000
37196,1084.1,1317400000
37195,1059.78,1352500000
37194,1059.79,1297400000
37193,1078.3,1106100000
37190,1104.61,1244500000
37189,1100.09,1364400000
37188,1085.2,1336200000
37187,1084.78,1317300000
37186,1089.9,1105700000
37183,1073.48,1294900000
37182,1068.61,1262900000
37181,1077.09,1452200000
37180,1097.54,1210500000
37179,1089.98,1024700000
37176,1091.65,1331400000
37175,1097.43,1704580000
37174,1080.99,1312400000
37173,1056.75,1227800000
37172,1062.44,979000000
37169,1071.38,1301700000
37168,1069.63,1609100000
37167,1072.28,1650600000
37166,1051.33,1289800000
37165,1038.55,1175600000
37162,1040.94,1631500000
37161,1018.61,1467000000
37160,1007.04,1519100000
37159,1012.27,1613800000
37158,1003.45,1746600000
37155,965.8,2317300000
37154,984.54,2004800000
37153,1016.1,2120550000
37152,1032.74,1650410000
37151,1038.77,2330830000
37144,1092.54,1276600000
37141,1085.78,1424300000
37140,1106.4,1359700000
37139,1131.74,1384500000
37138,1132.94,1178300000
37134,1133.58,920100000
37133,1129.03,1157000000
37132,1148.56,963700000
37131,1161.51,987100000
37130,1179.21,842600000
37127,1184.93,1043600000
37126,1162.09,986200000
37125,1165.31,1110800000
37124,1157.26,1041600000
37123,1171.41,897100000
37120,1161.97,974300000
37119,1181.66,1055400000
37118,1178.02,1065600000
37117,1186.73,964600000
37116,1191.29,837600000
37113,1190.16,960900000
37112,1183.43,1104200000
37111,1183.53,1124600000
37110,1204.4,1012000000
37109,1200.48,811700000
37106,1214.35,939900000
37105,1220.75,1218300000
37104,1215.93,1340300000
37103,1211.23,1129200000
37102,1204.52,909100000
37099,1205.82,1015300000
37098,1202.93,1213900000
37097,1190.49,1280700000
37096,1171.65,1198700000
37095,1191.03,986900000
37092,1210.85,1170900000
37091,1215.02,1343500000
37090,1207.71,1316300000
37089,1214.44,1238100000
37088,1202.45,1039800000
37085,1215.68,1121700000
37084,1208.14,1394000000
37083,1180.18,1384100000
37082,1181.52,1263800000
37081,1198.78,1045700000
37078,1190.59,1056700000
37077,1219.24,934900000
37075,1234.45,622110000
37074,1236.72,1128300000
37071,1224.38,1832360000
37070,1226.2,1327300000
37069,1211.07,1162100000
37068,1216.76,1198900000
37067,1218.6,1050100000
37064,1225.35,1189200000
37063,1237.04,1546820000
37062,1223.14,1350100000
37061,1212.58,1184900000
37060,1208.43,1111600000
37057,1214.36,1635550000
37056,1219.87,1242900000
37055,1241.6,1063600000
37054,1255.85,1136500000
37053,1254.39,870100000
37050,1264.96,726200000
37049,1276.96,1089600000
37048,1270.03,1061900000
37047,1283.57,1116800000
37046,1267.11,836500000
37043,1260.67,1015000000
37042,1255.82,1226600000
37041,1248.08,1158600000
37040,1267.93,1026000000
37036,1277.89,828100000
37035,1293.17,1100700000
37034,1289.05,1134800000
37033,1309.38,1260400000
37032,1312.83,1174900000
37029,1291.96,1130800000
37028,1288.49,1355600000
37027,1284.99,1405300000
37026,1249.44,1071800000
37025,1248.92,858200000
37022,1245.67,906200000
37021,1255.18,1056700000
37020,1255.54,1132400000
37019,1261.2,1006300000
37018,1263.51,949000000
37015,1266.61,1082100000
37014,1248.58,1137900000
37013,1267.43,1342200000
37012,1266.44,1181300000
37011,1249.46,1266800000
37008,1253.05,1091300000
37007,1234.52,1345200000
37006,1228.75,1203600000
37005,1209.47,1216500000
37004,1224.36,1012600000
37001,1242.98,1338700000
37000,1253.69,1486800000
36999,1238.16,1918900000
36998,1191.81,1109600000
36997,1179.68,913900000
36993,1183.5,1102000000
36992,1165.89,1290300000
36991,1168.38,1349600000
36990,1137.59,1062800000
36987,1128.43,1266800000
36986,1151.44,1368000000
36985,1103.25,1425590000
36984,1106.46,1386100000
36983,1145.87,1254900000
36980,1160.33,1280800000
36979,1147.95,1234500000
36978,1153.29,1333400000
36977,1182.17,1314200000
36976,1152.69,1114000000
36973,1139.83,1364900000
36972,1117.58,1723950000
36971,1122.14,1346300000
36970,1142.62,1235900000
36969,1170.81,1126200000
36966,1150.53,1543560000
36965,1173.56,1259500000
36964,1166.71,1397400000
36963,1197.66,1360900000
36962,1180.16,1229000000
36959,1233.42,1085900000
36958,1264.74,1114100000
36957,1261.89,1132200000
36956,1253.8,1091800000
36955,1241.41,929200000
36952,1234.18,1294000000
36951,1241.23,1294900000
36950,1239.94,1225300000
36949,1257.94,1114100000
36948,1267.65,1130800000
36945,1245.86,1231300000
36944,1252.82,1365900000
36943,1255.27,1208500000
36942,1278.94,1112200000
36938,1301.53,1257200000
36937,1326.61,1153700000
36936,1315.92,1150300000
36935,1318.8,1075200000
36934,1330.31,1039100000
36931,1314.76,1075500000
36930,1332.53,1107200000
36929,1340.89,1158300000
36928,1352.26,1059600000
36927,1354.31,1013000000
36924,1349.47,1048400000
36923,1373.47,1118800000
36922,1366.01,1295300000
36921,1373.73,1149800000
36920,1364.17,1053100000
36917,1354.95,1098000000
36916,1357.51,1258000000
36915,1364.3,1309000000
36914,1360.4,1232600000
36913,1342.9,1164000000
36910,1342.54,1407800000
36909,1347.97,1445000000
36908,1329.47,1349100000
36907,1326.65,1205700000
36903,1318.55,1276000000
36902,1326.82,1411200000
36901,1313.27,1296500000
36900,1300.8,1191300000
36899,1295.86,1115500000
36896,1298.35,1430800000
36895,1333.34,2131000000
36894,1347.56,1880700000
36893,1283.27,1129400000
36889,1320.28,1035500000
36888,1334.22,1015300000
36887,1328.92,1092700000
36886,1315.19,806500000
36882,1305.95,1087100000
36881,1274.86,1449900000
36880,1264.74,1421600000
36879,1305.6,1324900000
36878,1322.74,1189900000
36875,1312.15,1561100000
36874,1340.93,1061300000
36873,1359.99,1195100000
36872,1371.18,1083400000
36871,1380.2,1202400000
36868,1369.89,1358300000
36867,1343.55,1128000000
36866,1351.46,1399300000
36865,1376.54,900300000
36864,1324.97,1103000000
36861,1315.23,1195200000
36860,1314.95,1186530000
36859,1341.93,402100000
36858,1336.09,1028200000
36857,1348.97,946100000
36854,1341.77,404870000
36852,1322.36,963200000
36851,1347.35,1137100000
36850,1342.62,955800000
36847,1367.72,1070400000
36846,1372.32,956300000
36845,1389.81,1066800000
36844,1382.95,1118800000
36843,1351.26,1129300000
36840,1365.98,962500000
36839,1400.14,1111000000
36838,1409.28,909300000
36837,1431.87,880900000
36836,1432.19,930900000
36833,1426.69,997700000
36832,1428.32,1167700000
36831,1421.22,1206800000
36830,1429.4,1366400000
36829,1398.66,1186500000
36826,1379.58,1086300000
36825,1364.44,1303800000
36824,1364.9,1315600000
36823,1398.13,1158600000
36822,1395.78,1046800000
36819,1396.93,1177400000
36818,1388.76,1297900000
36817,1342.13,1441700000
36816,1349.97,1161500000
36815,1374.62,1005400000
36812,1374.17,1223900000
36811,1329.78,1388600000
36810,1364.59,1387500000
36809,1387.02,1044000000
36808,1402.03,716600000
36805,1408.99,1150100000
36804,1436.28,1176100000
36803,1434.32,1167400000
36802,1426.46,1098100000
36801,1436.23,1051200000
36798,1436.51,1197100000
36797,1458.29,1206200000
36796,1426.57,1174700000
36795,1427.21,1106600000
36794,1439.03,982400000
36791,1448.72,1185500000
36790,1449.05,1105400000
36789,1451.34,1104000000
36788,1459.9,1024900000
36787,1444.51,962500000
36784,1465.81,1268400000
36783,1480.87,1014000000
36782,1484.91,1068300000
36781,1481.99,991200000
36780,1489.26,899300000
36777,1494.5,961000000
36776,1502.51,985500000
36775,1492.25,995100000
36774,1507.08,838500000
36770,1520.77,767700000
36769,1517.68,1056600000
36768,1502.59,818400000
36767,1509.84,795600000
36766,1514.09,733600000
36763,1506.45,685600000
36762,1508.31,837100000
36761,1505.97,871000000
36760,1498.13,818800000
36759,1499.48,731600000
36756,1491.72,821400000
36755,1496.07,922400000
36754,1479.85,929800000
36753,1484.43,895900000
36752,1491.56,783800000
36749,1471.84,835500000
36748,1460.25,940800000
36747,1472.87,1054000000
36746,1482.8,992200000
36745,1479.32,854800000
36742,1462.93,956000000
36741,1452.56,1095600000
36740,1438.7,994500000
36739,1438.1,938700000
36738,1430.83,952600000
36735,1419.89,980000000
36734,1449.62,1156400000
36733,1452.42,1235800000
36732,1474.47,969400000
36731,1464.29,880300000
36728,1480.19,968300000
36727,1495.57,1064600000
36726,1481.96,909400000
36725,1493.74,908300000
36724,1510.49,906000000
36721,1509.98,960600000
36720,1495.84,1026800000
36719,1492.92,1001200000
36718,1480.88,980500000
36717,1475.62,838700000
36714,1478.9,931700000
36713,1456.67,947300000
36712,1446.23,1019300000
36710,1469.54,451900000
36707,1454.6,1459700000
36706,1442.39,1110900000
36705,1454.82,1095100000
36704,1450.55,1042500000
36703,1455.31,889000000
36700,1441.48,847600000
36699,1452.18,1022700000
36698,1479.13,1009600000
36697,1475.95,1031500000
36696,1486,921700000
36693,1464.46,1250800000
36692,1478.73,1011400000
36691,1470.54,929700000
36690,1469.44,935900000
36689,1446,774100000
36686,1456.95,786000000
36685,1461.67,854300000
36684,1471.36,854600000
36683,1457.84,950100000
36682,1467.63,838600000
36679,1477.26,1162400000
36678,1448.81,960100000
36677,1420.6,960500000
36676,1422.45,844200000
36672,1378.02,722600000
36671,1381.52,984500000
36670,1399.05,1152300000
36669,1373.86,869900000
36668,1400.72,869000000
36665,1406.95,853700000
36664,1437.21,807900000
36663,1447.8,820500000
36662,1466.04,955500000
36661,1452.36,854600000
36658,1420.96,858200000
36657,1407.81,953600000
36656,1383.05,1006400000
36655,1412.14,896600000
36654,1424.17,787600000
36651,1432.63,805500000
36650,1409.57,925800000
36649,1415.1,991600000
36648,1446.29,1011500000
36647,1468.25,966300000
36644,1452.43,984600000
36643,1464.92,1111000000
36642,1460.99,999600000
36641,1477.44,1071100000
36640,1429.86,868700000
36636,1434.54,896200000
36635,1427.47,1001400000
36634,1441.61,1109400000
36633,1401.44,1204700000
36630,1356.56,1279700000
36629,1440.51,1032000000
36628,1467.17,1175900000
36627,1500.59,971400000
36626,1504.46,853700000
36623,1516.35,891600000
36622,1501.34,1008000000
36621,1487.37,1110300000
36620,1494.73,1515460000
36619,1505.97,1021700000
36616,1498.58,1227400000
36615,1487.92,1193400000
36614,1508.52,1061900000
36613,1507.73,959100000
36612,1523.86,901000000
36609,1527.46,1052200000
36608,1527.35,1078300000
36607,1500.64,1075000000
36606,1493.87,1065900000
36605,1456.63,920800000
36602,1464.47,1295100000
36601,1458.47,1482300000
36600,1392.14,1302800000
36599,1359.15,1094000000
36598,1383.62,1016100000
36595,1395.07,1138800000
36594,1401.69,1123000000
36593,1366.7,1203000000
36592,1355.62,1314100000
36591,1391.28,1029000000
36588,1409.17,1150300000
36587,1381.76,1198600000
36586,1379.19,1274100000
36585,1366.42,1204300000
36584,1348.05,1026500000
36581,1333.36,1065200000
36580,1353.43,1215000000
36579,1360.69,993700000
36578,1352.17,980000000
36574,1346.09,1042300000
36573,1388.26,1034800000
36572,1387.67,1018800000
36571,1402.05,1092100000
36570,1389.94,927300000
36567,1387.12,1025700000
36566,1416.83,1058800000
36565,1411.71,1050500000
36564,1441.72,1047700000
36563,1424.24,918100000
36560,1424.37,1045100000
36559,1424.97,1146500000
36558,1409.12,1038600000
36557,1409.28,981000000
36556,1394.46,993800000
36553,1360.16,1095800000
36552,1398.56,1129500000
36551,1404.09,1117300000
36550,1410.03,1073700000
36549,1401.53,1115800000
36546,1441.36,1209800000
36545,1445.57,1100700000
36544,1455.9,1087800000
36543,1455.14,1056700000
36539,1465.15,1085900000
36538,1449.68,1030400000
36537,1432.25,974600000
36536,1438.56,1014000000
36535,1457.6,1064800000
36532,1441.47,1225200000
36531,1403.45,1092300000
36530,1402.11,1085500000
36529,1399.42,1009000000
36528,1455.22,931800000
